"unique_id","leaf","saturated.water.content","osm.pot.fullturgor","apoplastic.fraction","relative.water.deficit.attlp","relative.water.content.attlp","sym.rwd.attlp","sym.rwc.attlp","leaf.waterpotential.attlp","modulus","modulus_sym","cap.ft.bulk","cap.ft.sym","cap.tlp.bulk","cap.tlp.sym"
"acne_1",1,2.07717869515216,-1.44838511045658,-37.060074522054,8.34312262181682,91.6568773781832,6.08720128812882,93.9127987118712,-1.54226594279263,17.3602280118613,23.7939414502557,0.0910341546117567,0.0664191632240127,0.547329281879172,0.399335316128916
"acne_2",2,1.58006235074738,-1.41094865840339,2.19548637263588,7.19205138277182,92.8079486172282,7.35349639401468,92.6465036059853,-1.52293783735648,19.6181671029665,19.18745291766,0.0741905050379035,0.0758559112318373,0.345466936853613,0.353221874984057
"acne_4",4,0.799832328083862,-1.51091442857012,11.3617521011584,7.95864051329997,92.0413594867,8.97878816646146,91.0212118335385,-1.65995859441348,18.984579414602,16.8275985640674,0.0707998380361205,0.0798750423371645,0.214466907146093,0.241957520855843
"acne_5",5,1.63242773175702,-1.60207268304797,-6.94440100216491,6.28609624739015,93.7139037526099,5.87791056706455,94.1220894329354,-1.70212188520261,25.4859712609891,27.2558193046487,0.0591980517084567,0.0553540448623003,0.332928124601503,0.311309541669941
"acne_6",6,0.857502685358274,-0.907614392331143,7.62491638267623,19.3543112915586,80.6456887084414,20.951874178254,79.048125821746,-1.1481795208881,4.68946881476996,4.33190073885207,0.0856528412736027,0.0927228836170056,0.281025707305058,0.304222411823999
"alma_1",1,1.27643328259843,-1.64582980303286,40.9812785001483,25.1575848632964,74.8424151367036,42.626448394616,57.373551605384,-2.86862109278662,6.54208188892585,3.86105309031738,0.0826101611982988,0.13997280710072,0.122050620120992,0.206799837440225
"alma_2",2,1.30101739345782,-1.76191324680789,31.2806585991562,28.3327056755919,71.6672943244081,41.2295943151225,58.7704056848775,-2.99795998730235,6.21865510121663,4.27341882954604,0.0865395770689316,0.125931906949081,NA,NA
"alma_3",3,0.950907515969676,-1.78240277449393,28.3843586152613,21.7808231075455,78.2191768924545,30.4135000209423,69.5864999790577,-2.56142035456641,8.18335820319141,5.86056446402615,0.0874445224743948,0.122102547409468,0.15897313481389,0.221981025010784
"alma_4",4,1.90460334536894,-1.59841419939479,28.1801104770936,21.8992151080995,78.1007848919005,30.4918529582462,69.5081470417538,-2.29960697763187,7.2989565676425,5.24210254320578,0.0915277099225584,0.127440616423347,0.213531126360543,0.297314751914842
"alma_5",5,1.87643695935705,-1.34481215646336,43.8326540603926,24.293678756351,75.706321243649,43.2523174274109,56.7476825725891,-2.36980982393974,5.53564641218361,3.10922567032463,0.0943836365418055,0.1680400506075,0.257085799380197,0.457713988580878
"alma_6",6,0.905094341517284,-1.430730619832,32.9292787307053,22.4050076377857,77.5949923622143,33.4050494966763,66.5949505033237,-2.14840706242524,6.38576269627818,4.28297709893934,0.0937885608579593,0.139835324688682,0.15943750169264,0.237715501899085
"alrh_1",1,0.615216103728626,-1.16123192549559,-55.107436449269,50.1683234223429,49.8316765776571,32.3442412374286,67.6557587625714,-1.71638297572092,2.31467158214505,3.59022775328492,0.300394200224446,0.193668470771675,0.412738479057746,0.266098446667797
"alrh_2",2,0.407879872146902,-1.07086918424192,-11.2497288300774,26.8442776435662,73.1557223564338,24.1297465853315,75.8702534146685,-1.4114480129506,3.98918979478883,4.43796282921969,0.158531339651158,0.142500427927603,0.207555554863204,0.18656724564266
"alrh_3",3,0.190155857650372,-1.11446162174232,-57.6464233403108,28.6813999117831,71.3186000882169,18.1934986560834,81.8065013439166,-1.36231424573103,3.88565978358842,6.125603672,0.216077296208202,0.137064509063904,0.551252289441128,0.34967636928314
"alrh_4",4,0.157009947721236,-1.76734351189072,-100.834699709037,31.8312966964955,68.1687033035045,15.8495004810482,84.1504995189518,-2.1002174936498,5.55221965583731,11.150783672987,0.222488167692924,0.110781736430635,0.528657432269452,0.263230125588533
"alrh_5",5,0.53175794099846,-1.28893352410939,-125.459547027011,21.4181285217613,78.5818714782387,9.49976561391534,90.5002343860847,-1.42423224962119,6.0179558769563,13.5680560604711,0.202860883209468,0.0899766214757648,1.63785786721163,0.726453099373703
"alrh_6",6,0.309594774313652,-1.60745614573717,-64.8558196908742,47.5899036758101,52.4100963241899,28.8675909440426,71.1324090559574,-2.25980838702178,3.37772515087951,5.56837648438723,0.216985428861351,0.131621333883285,0.359399761003519,0.218008537203867
"arba_1",1,0.16832129007465,-2.25901000055407,39.2698084592046,10.2203970163132,89.7796029836868,16.8291862037808,83.1708137962192,-2.71610905009176,22.1029574188593,13.4231683766537,0.0400978510249102,0.066026221896525,0.119524050013967,0.196811580832372
"arba_2",2,0.108366333343443,-1.52706179984423,26.9932962404679,11.2255094855716,88.7744905144285,15.3759982405806,84.6240017594194,-1.80452562877559,13.603496587901,9.93146445486691,0.0633415984131859,0.0867613453989363,0.249696261374339,0.342018264783989
"arba_3",3,0.125581949380367,-1.91845275841129,33.4930514226541,10.4111020182855,89.5888979817145,15.6541568076569,84.3458431923431,-2.27450777157617,18.4269902940325,12.2552289592047,0.0461134916701919,0.0693363515491364,0.17904235479096,0.269208494181234
"arba_4",4,0.116348811166959,-1.89683482645924,22.0191493376709,9.87212604619946,90.1278739538005,12.6596798603128,87.3403201396872,-2.17177452913563,19.2140458659306,14.9832764129028,0.0455354647676026,0.0583931367519691,0.220350007528058,0.282569381657829
"arba_5",5,0.111526438330454,-2.27858415201221,-27.3297122151924,15.625811721352,84.374188278648,12.2719288762263,87.7280711237737,-2.59732617259692,14.5821810261455,18.5674491352894,0.0636096470128217,0.0499566408391145,0.365726613948142,0.287228022105358
"arba_6",6,0.112565829717943,-2.24658305924471,-38.1999277345566,12.9619679400885,87.0380320599115,9.37914234295754,90.6208576570425,-2.47910151959384,17.3321139940218,23.9529690146092,0.0636697490917197,0.0460707542582884,0.410128069201526,0.296764315238476
"baga_mb_1",1,0.304365076966757,-1.09260048658314,-3.86847567156504,16.7169062336911,83.2830937663089,16.0943020734707,83.9056979265293,-1.30217674554099,6.53590126850816,6.78874101899791,0.152660782206816,0.146975086733278,0.492055682304017,0.473729569171603
"baga_mb_2",2,0.388219332573093,-1.48483011582797,-32.790426352823,13.7340705212991,86.2659294787009,10.3426661834851,89.6573338165149,-1.65611674206898,10.8112894391016,14.3563573404207,0.129897265896307,0.0978212582518348,0.378321871301876,0.284901465936015
"baga_mb_3",3,0.341519454195458,-1.83073526966199,-142.332291961276,15.7586613303566,84.2413386696434,6.50291432595157,93.4970856740484,-1.95806666749414,11.6173273305605,28.152535584791,0.186911165443915,0.0771301108618999,0.484912650369701,0.200102366236518
"baga_mb_4",4,0.230110310264469,-1.00074331343231,12.0127191324062,11.2275676521006,88.7724323478994,12.7604439430242,87.2395560569758,-1.14712105226524,8.91326905739084,7.84254308001081,0.0980012476563099,0.111381152696133,0.359039230282441,0.408058104242062
"baga_mb_5",5,0.30313214241109,-1.54897968523559,1.65568705364745,9.31472956977484,90.6852704302252,9.47154877664972,90.5284512233503,-1.7110418485057,16.6293575528144,16.3540274327077,0.0676504767947688,0.0687894142202941,0.288779588327116,0.293641370482345
"baga_mb_6",6,0.29467224055827,-1.24311660610295,-27.4087013842153,14.5222155131709,85.4777844868291,11.39813478624,88.60186521376,-1.40303661001246,8.56010300202133,10.9063160720266,0.188768552184819,0.148159858890301,0.310079602919697,0.243373960766319
"beoc_1",1,0.865473991511335,-1.61848907371756,39.8860676508214,10.4815649821057,89.5184350178943,17.4361659144545,82.5638340855456,-1.96028817174432,15.4412921780351,9.28236793374305,0.0753544699667071,0.125352754381467,0.13643808770178,0.226965833659433
"beoc_2",2,0.656842650078754,-1.47989322274721,54.3369177591677,14.3858632808925,85.6141367191075,31.5043632075028,68.4956367924972,-2.16056568279005,10.2871353206367,4.69742306168806,0.0710451308695029,0.155585491349013,0.097086665338262,0.212615225635046
"beoc_3",3,0.471866380668996,-1.43655090250691,36.5371243462233,15.6772816933013,84.3227183066987,24.7030748792871,75.2969251207129,-1.9078480299214,9.16326523060899,5.81527161912714,0.0915507268305961,0.144258711707382,0.148842809438474,0.234535242699196
"beoc_4",4,0.499874373268568,-1.45228704723772,41.1736383457292,15.725402176641,84.274597823359,26.7318966096544,73.2681033903456,-1.98215455298531,9.23529351379636,5.43278716225927,0.0920819302729396,0.156531744754359,0.127297724133694,0.216395711980008
"beoc_5",5,0.758529559872392,-1.56562591954682,24.7069127590178,13.7524346901553,86.2475653098447,18.2652022836299,81.7347977163701,-1.91549494620362,11.3843545148233,8.57163197666859,0.0993391173461367,0.131936570787957,0.171968738462664,0.22839910643093
"casa_1",1,0.234546031892974,-1.65284598498705,4.34785960608646,10.6856707008172,89.3143292991828,11.1713869201584,88.8286130798416,-1.86071348823315,15.4678731103013,14.7953517034178,0.0936534346492125,0.0979104432619385,0.226378408558692,0.236668419155519
"casa_3",3,0.209800317885654,-2.26777101899291,-68.4421384276698,13.1803614596791,86.8196385403209,7.82485996836169,92.1751400316383,-2.46028486445967,17.2056815431837,28.9816179223936,0.1292162957657,0.076712571433654,0.437209436529158,0.259560606752151
"casa_4",4,0.289774372155853,-2.05484746477962,-63.1988185675449,15.4525507066996,84.5474492933004,9.46854324212165,90.5314567578783,-2.26976074214204,13.2977882019745,21.7018332412367,0.11705336573121,0.0717243952858418,0.514699750969966,0.315382032472828
"casa_5",5,0.286158289593168,-1.49966909344926,26.9630053315212,18.484213567222,81.515786432778,25.3080150013338,74.6919849986662,-2.00780457699182,8.113242621848,5.92566858115986,0.107856409048601,0.14767366803381,0.16346740916993,0.223814533870024
"casa_6",6,0.355465776227461,-1.6184255508677,-0.564038783173189,10.0786108626012,89.9213891373988,10.0220824308098,89.9779175691902,-1.79869193974531,16.0580220124701,16.1485954844309,0.076246475166924,0.0758188275744568,0.322013780278414,0.320207684749725
"cebe_1",1,0.0954417036500366,-2.20460409071489,-34.5665864086963,22.7093127099879,77.2906872900121,16.8758926833566,83.1241073166434,-2.65218377902926,9.70792960081646,13.0636294747781,0.0982897438309536,0.0730417159668707,0.149294151628736,0.110944444392243
"cebe_2",2,0.132478869783167,-1.59201674186747,-9.37793008324159,24.7822434710898,75.2177565289102,22.6574441957618,77.3425558042382,-2.05839686226174,6.42402187568157,7.02646215571513,0.136198637265568,0.124521132519069,0.118062669729929,0.107940120680724
"cebe_3",3,0.111668635231213,-1.78201792516595,-18.5471411641691,30.5607726813939,69.4392273186061,25.779426126415,74.220573873585,-2.40097567582965,5.83106305506107,6.91255855125496,0.140606357460981,0.118607969859234,0.135969889716644,0.114696894738564
"cebe_5",5,0.130150103785356,-1.70405205721594,-21.0550781477234,8.91365381254621,91.0863461874538,7.36330433133,92.63669566867,-1.83950004360124,19.1173237490718,23.1424912041921,0.0753529579294109,0.0622468376233319,0.354073155741104,0.292489304173616
"cebe_6",6,0.13553784429635,-1.56128764106267,-3.41995719102476,14.8352210234513,85.1647789765487,14.3446404604959,85.6553595395041,-1.8227553412377,10.5241953496655,10.8841183253239,0.106774774942072,0.103243878495183,0.232391878593734,0.224706995540994
"cece_2",2,0.103424748270406,-1.74446214412847,60.9668248149831,12.8395907729696,87.1604092270304,32.8940464415463,67.1059535584537,-2.59956390100162,13.5865867921661,5.30327622425059,0.0512521064908669,0.131303964506941,0.0754936808666633,0.193409018120673
"cece_3",3,0.0548196677156391,-1.90157765750631,46.7402759310531,14.7792315375321,85.2207684624679,27.7493580672702,72.2506419327298,-2.63191801019125,12.8665529914544,6.85269062043343,0.0584022835218571,0.109655625414531,0.107302552542536,0.201470350097248
"cece_4",4,0.145186381789889,-1.65592697002806,59.1956208033513,12.9896348555716,87.0103651444284,31.8339234937766,68.1660765062234,-2.42925375040014,12.7480640405977,5.20176839135708,0.0607255314681794,0.148821113477857,0.0655523658870507,0.160650320327468
"cece_8",8,0.0465498047162748,-2.17090825248568,32.9526748010414,15.946916751757,84.053083248243,23.7845681456128,76.2154318543872,-2.84838411285695,13.613341602517,9.12738141468469,0.0687295412990898,0.102508998077312,0.117356731351152,0.175035664738159
"cece_9",9,0.0894400834030354,-2.03347305930658,53.2416437196656,14.961751687689,85.038248312311,31.9980274712556,68.0019725287444,-2.9903148154225,13.5911429473849,6.35499504190777,0.0532026212187713,0.113782060472359,0.0846601607537973,0.181058889765558
"ceoc_1",1,1.05463655171025,-1.49598898712535,-42.2922780188338,54.7838862814731,45.2161137185269,38.5009552480578,61.4990447519422,-2.43254020149331,2.73070986501239,3.88558927301114,0.216651557809462,0.152258127303848,0.30423980391468,0.213813292014631
"ceoc_2",2,0.64660760427322,-2.14357063787012,-176.384462799287,31.70015263708,68.29984736292,11.4695856330032,88.5304143669968,-2.42128160496809,6.76201992593173,18.6891724466671,0.231151087127556,0.083633893449148,0.671096053076707,0.242812510616439
"ceoc_3",3,0.694336372589,-1.77785379938874,42.8081356978359,6.01594680221953,93.9840531977805,10.5188856415577,89.4811143584423,-1.98684807641871,29.5523524033294,16.9015412846095,0.0522565611408414,0.0913706202419844,0.122959395238262,0.214994556898208
"ceoc_4",4,0.894771661966681,-2.18922032454139,19.4017942833494,14.3140725010191,85.6859274989809,17.7597905235525,82.2402094764475,-2.66198291380612,15.2941821720236,12.3268364096869,0.0626073730361181,0.0776783707272831,0.174532191803688,0.216546001554017
"ceoc_6",6,0.55452991210722,-1.79008145023732,-7.76844108913225,28.237152715206,71.762847284794,26.2016898730602,73.7983101269398,-2.42564016324793,6.33945450623759,6.83193129492699,0.140129936743075,0.130028731349261,0.222940363667853,0.206869804754311
"clis_1",1,0.118640979346676,-0.86116116515724,-33.3680883360822,35.508874735616,64.491125264384,26.6247159861324,73.3752840138676,-1.17363929384516,2.42519981714171,3.23444263445207,0.334687517789762,0.250950225024118,0.26670573286087,0.199977173091648
"clis_2",2,0.355009009654487,-1.24581989464756,-36.8639905906004,19.1643456422395,80.8356543577605,14.0024746900487,85.9975253099513,-1.44866947061255,6.50071710197971,8.89714084277506,0.192770534051105,0.14084824884855,0.285549812124482,0.208637648874819
"clis_3",3,2.0642462015421,-1.02950393652986,92.1796174936257,1.28641677859001,98.71358322141,16.4495378268449,83.5504621731551,-1.23219418510965,80.0288019920151,6.2585584310445,0.0119610239029502,0.152946788641104,0.0424408949664818,0.542695896676264
"clis_4",4,0.126457685860235,-1.7983101231935,-101.353067591611,43.3978010984977,56.6021989015023,21.5530866341297,78.4469133658703,-2.29239118027031,4.14378166099239,8.3436314887068,0.217504022410029,0.108021211204577,0.468747445556854,0.232798760487512
"clis_5",5,0.28582762806182,-1.5097280378973,-61.9025216931349,28.8040295800627,71.1959704199373,17.7909703189534,82.2090296810466,-1.83645037990926,5.24137789020425,8.48592297570711,0.29131949219267,0.17993511722123,0.332656954115802,0.205467432277744
"clis_6",6,0.107861300922736,-1.38708347033973,-77.4597672915489,40.9578330591411,59.0421669408589,23.080066926861,76.919933073139,-1.80328221167435,3.3866134185782,6.00987629167324,0.2444841343731,0.137768767594199,0.437873627326202,0.246745295572725
"clla_1",1,0.657469353162197,-0.947606639193165,-12.2235181863966,32.0851414028688,67.9148585971312,28.5903898945472,71.4096101054528,-1.32700155874511,2.95341269435215,3.31442363216563,0.234490359672158,0.208949392659998,0.465878188821304,0.415134186087009
"clla_2",2,0.502231071471535,-1.31341496053683,23.5040229374786,19.2109349536774,80.7890650463226,25.1136539349984,74.8863460650016,-1.7538777488179,6.83680915949077,5.22988396645242,0.104799519112979,0.137000039920171,0.237769338183432,0.310825937930172
"clla_3",3,0.658114715349739,-0.981520767177438,37.9810226994146,13.49496044381,86.50503955619,21.7594049937399,78.2405950062601,-1.25449041779259,7.27323930488178,4.51078863351188,0.108744900194809,0.175341330876449,0.179279612278629,0.289072184163437
"clla_4",4,0.474854621331469,-0.860277700708173,47.6991027600976,17.9480217709488,82.0519782290512,34.316852517122,65.683147482878,-1.30973885033817,4.79316167367616,2.50686656149176,0.131864648185157,0.252126933081661,0.155314827858835,0.296963983517169
"clla_5",5,0.727464086831958,-0.922678274558819,31.4100586305168,13.2816480280877,86.7183519719123,19.3638422236602,80.6361577763398,-1.14424880847876,6.94701645915897,4.76495451626549,0.113641847966687,0.165682964145597,0.213868019448896,0.311806680657186
"clla_6",6,0.766137027663033,-0.96767350135652,20.017541668986,17.8730915648568,82.1269084351432,22.3462643407227,77.6537356592773,-1.24613902105418,5.41413609304851,4.33035914460691,0.160100406479835,0.200169399416615,0.28720530287875,0.359085365556191
"clli_1",1,1.55631250373857,-1.28662991690441,8.92833233601573,8.0532867694424,91.9467132305576,8.84280147274299,91.157198527257,-1.41144082715496,15.9764572371423,14.5500260394888,0.0708686102189206,0.0778163088880678,0.388082782261597,0.426128995126626
"clli_2",2,0.782930766733121,-1.25033217205417,-4.01396976946074,14.4413603946735,85.5586396053265,13.8840584843379,86.1159415156621,-1.45191720609217,8.65799438476265,9.00552366200862,0.0970743578596298,0.09332819242914,0.426270766592953,0.409820688065027
"clli_3",3,0.324232727376751,-1.25222740910367,-7.55352775746678,7.07330792469186,92.9266920753081,6.57654664814173,93.4234533518583,-1.34037799308,17.7035613667027,19.0408047885967,0.0774283488266655,0.0719905245704878,0.541190840720897,0.503182789077158
"clli_4",4,0.707777075032889,-1.23824487115071,32.1643084986197,9.88291090086476,90.1170890991352,14.5688953442211,85.4311046557789,-1.44940753855387,12.5291514167386,8.4992365027996,0.0745167358178766,0.109848862993253,0.262693266983827,0.387249339056979
"clli_5",5,0.445330858715169,-1.20418580529547,-6.78376975974187,12.3620604168543,87.6379395831457,11.5767222347257,88.4232777652743,-1.36184253256486,9.74097977755957,10.4017854180122,0.111668280872008,0.104574207413033,0.415711519927449,0.389302157867978
"clli_6",6,1.42263084790191,-1.00509051791376,61.6596099857024,6.97882724535531,93.0211727546447,18.202285482106,81.797714517894,-1.22875134572848,14.401997392652,5.52178197019175,0.064184054153873,0.167405845715023,0.142737527170011,0.372290232615742
"codi_1",1,0.224896111538308,-3.08279132163298,13.2900798620569,8.70835422441222,91.2916457755878,10.0430887383571,89.9569112616429,-3.4269643970618,35.4003895821206,30.6956495351775,0.0438528542148056,0.0505742066709807,0.119144671146386,0.137406044149094
"codi_2",2,0.17806027495366,-3.43439559019443,15.1027989935639,5.94582293620533,94.0541770637947,7.00355590728434,92.9964440927156,-3.69303968952878,57.7614844411476,49.0378835503025,0.0294207763246978,0.0346545892867156,0.157327530873708,0.185315333142468
"codi_3",3,0.150737505498882,-2.44940073748638,33.9178432359274,5.31250638040254,94.6874936195975,8.0392448439135,91.9607551560865,-2.66352829892379,46.1063114488116,30.4680450097352,0.0471240004166112,0.0713112324478966,0.110302929080364,0.166917870846996
"codi_4",4,0.124218152446434,-3.31986578336585,12.6689172085091,4.09528617783235,95.9047138221677,4.68937982552001,95.31062017448,-3.48320656951802,81.065538260456,70.7954123336066,0.041737101039644,0.047791805283457,0.134963258072757,0.154542064244172
"codi_5",5,0.223244676297185,-2.82663058855576,30.6874226415821,3.29057335623987,96.7094266437601,4.74744048143558,95.2525595185644,-2.96751142734895,85.9008532113606,59.5400953336652,0.0425972560225734,0.0614567480333351,0.146041835845737,0.210700339551001
"codi_6",6,0.135201105989084,-3.11864179092015,13.7315582341631,12.5550800640017,87.4449199359983,14.5535027722892,85.4464972277108,-3.64981818108836,24.8396806314442,21.4288054203572,0.044049146348555,0.0510605563829703,0.128864235166619,0.149375869702623
"enca_1",1,0.464286995181421,-1.06627972329316,30.9417067585441,14.0204957640285,85.9795042359715,20.3024070041916,79.6975929958084,-1.33790705994,7.60514992650153,5.25198673769579,0.105435959239104,0.152676752190294,0.260006520036749,0.376502962689304
"enca_3",3,0.411172667343442,-0.964219816120327,22.2716430221051,17.8381688210027,82.1618311789973,22.9493707503372,77.0506292496628,-1.2514106964604,5.40537442938119,4.20150873246126,0.143624620628005,0.184777636132011,0.323245484909468,0.415865583009037
"enca_4",4,0.367069110241292,-0.853214850025424,39.7169765719735,14.9701986593948,85.0298013406052,24.8331915157974,75.1668084842026,-1.13509521985989,5.69942236197363,3.43578411773074,0.169532494796227,0.28122759137759,0.255778739166264,0.424296467929558
"enca_5",5,0.183156614845762,-0.985569321115844,30.7791002029782,18.4160533792444,81.5839466207556,26.6047587264053,73.3952412735947,-1.34282455376357,5.35168584071666,3.70448509325388,0.140055781917274,0.202331640195321,0.288966019308862,0.417454872959185
"enca_6",6,0.287983614332729,-1.01550859966811,32.6075596416121,15.6866046722072,84.3133953277928,23.2765048850984,76.7234951149016,-1.32359533171329,6.47373106474305,4.36280534676938,0.124042077219603,0.184059334489086,0.239481120460281,0.3553530918108
"enfa_1",1,0.566615129774852,-0.711693839900511,61.7788431836792,11.7023821871207,88.2976178128793,30.6175510159432,69.3824489840568,-1.02575485633845,6.08161508076349,2.32446363698363,0.0905558846668592,0.236926069773458,0.15513997752214,0.405900790150583
"enfa_2",2,1.06158338713874,-0.794894779672705,29.6573929779456,6.98351032839812,93.0164896716019,9.92785258329791,90.0721474167021,-0.882508969165875,11.3824529827113,8.00671417109872,0.100469590531683,0.142828926571036,0.484200603704771,0.688346116533554
"enfa_3",3,0.74349979507466,-1.22176683981863,33.2113718075958,7.57485372592562,92.4251462740744,11.341532130446,88.658467869554,-1.37805995205811,16.1292466366318,10.7725025663759,0.0479758226254936,0.0718323222439682,0.300825966511128,0.4504149503483
"enfa_4",4,0.536881258749958,-0.915085485088756,50.5612862621117,10.8133870565707,89.1866129434293,21.872306617645,78.127693382355,-1.1712690410689,8.462524094453,4.18376306205644,0.0916775597379124,0.185436781838548,0.24472589520962,0.495008621193294
"enfa_5",5,0.918085180950017,-0.803110757227211,21.815810791118,9.06681326023547,90.9331867397645,11.596735032977,88.403264967023,-0.908462778526104,8.8576960192776,6.92531781525961,0.104873766448646,0.134136796083487,0.608224734440032,0.777938277028183
"enfa_6",6,0.890854622912001,-1.28349890121666,23.8480581343623,13.8308469785749,86.1691530214251,18.1621724144316,81.8378275855684,-1.56834429637645,9.27997325980763,7.06687984195543,0.0864972676065941,0.113585110881624,0.210612745312982,0.27656910664811
"enfa_gj_1",1,0.590210207258743,-1.33191893934504,5.13692169431505,10.0433016683337,89.9566983316663,10.5871555590578,89.4128444409422,-1.48962819343566,13.2617637439344,12.5805173251235,0.118494623698297,0.124911215000279,0.301004531135112,0.31730419939058
"enfa_gj_2",2,0.36061202959798,-1.76590332687923,-11.2767504619791,19.0977960944754,80.9022039055246,17.1624315188829,82.8375684811171,-2.13176624961146,9.24663410449792,10.2893539585944,0.129136716273735,0.116050042562896,0.246451268626153,0.221475975532157
"enfa_gj_4",4,1.96940623746248,-1.0204323860621,77.4850383763167,3.97461925265937,96.0253807473406,17.6532357420432,82.3467642579568,-1.23918941473587,25.6737141646799,5.78042689155181,0.0322259216726402,0.143131141910285,0.0632791949846607,0.281053976650344
"enfa_gj_5",5,0.371806876960372,-1.24613374846715,6.41887476307267,12.0226684624474,87.9773315375526,12.847321970118,87.152678029882,-1.42982840761346,10.3648682683002,9.69956035480052,0.120582491264588,0.128853431671503,0.27366773113054,0.292439025965623
"enfa_gj_6",6,0.384568670540201,-1.39833041228074,16.1853471635857,16.0018867830132,83.9981132169869,19.0919919626046,80.9080080373954,-1.72829667445827,8.73853459434007,7.3241724332361,0.101203115248297,0.120746327549457,0.18138450956827,0.216411454835097
"frdi_2",2,0.0998649486555516,-1.87572332580103,-35.654170758265,23.7167557514702,76.2832442485299,17.483248483184,82.516751516816,-2.27314247267572,7.90885290322542,10.7286888223614,0.104548547485616,0.0770699101260371,0.414494938410236,0.305552668298613
"frdi_3",3,0.0880174312111374,-1.79805052487346,-62.3248576118949,28.9519137237891,71.0480862762109,17.8357856890968,82.1642143109032,-2.18836209894222,6.21047210221565,10.081139996948,0.14385800099043,0.0886235189772241,0.560148521102422,0.345078707810538
"frdi_4",4,0.0849980165157808,-1.46077871371591,-20.8188296247662,21.577856411667,78.4221435883331,17.8596800504379,82.1403199495621,-1.77839423393151,6.76980458970002,8.17919867315926,0.166289422364109,0.137635352767912,0.282962163949989,0.234203695590166
"frdi_5",5,0.113371937811573,-1.89444822037407,7.38470758336651,18.5900784543295,81.4099215456705,20.0723638281045,79.9276361718955,-2.37020423861879,10.1906413414456,9.43809227751017,0.0789006036101068,0.085191766447348,0.288553627142632,0.311561535480083
"frdi_6",6,0.112501874391999,-1.48318168196098,-11.9015974905875,29.2209733757434,70.7790266242566,26.1130976063155,73.8869023936845,-2.00736752240375,5.07574358625638,5.67983815754692,0.170680104971594,0.152526960114176,0.541614289020877,0.484009434330403
"hear_1",1,0.279260321160047,-2.3385571393489,14.852016046135,11.5350328475354,88.4649671524646,13.5470416466764,86.4529583533236,-2.70500533919438,20.2735195491754,17.2624931726155,0.0610061759808139,0.071647234788164,0.0738543229263783,0.0867364316768723
"hear_2",2,0.367304324480668,-1.85907178308237,36.9470720990265,8.69317407502555,91.3068259249744,13.7871061097725,86.2128938902275,-2.15637325137174,21.3854199517672,13.4841334235082,0.0533100977500812,0.0845481717102912,0.136771999318371,0.216916174825657
"hear_3",3,0.345379558281018,-2.58341515423376,5.19137735261691,10.4301649772627,89.5698350227373,11.0012830964279,88.9987169035721,-2.90275550492804,24.7686892763967,23.4828531507618,0.0497159080984091,0.052438171455475,0.145000512295248,0.152940216033452
"hear_4",4,0.413780470882852,-2.17542058992615,31.5769002817051,11.6674173778917,88.3325826221083,17.0518690704274,82.9481309295726,-2.62262761746037,18.645262438698,12.7576665111681,0.0555375198324685,0.0811677928376854,0.112974061847964,0.165110996597772
"hear_5",5,0.360325859896134,-2.79779220890603,3.5536033671207,12.1749575782429,87.8250424217571,12.6235484199442,87.3764515800558,-3.20199797349591,22.9798928737606,22.1632786268379,0.0548505319946858,0.0568715202533413,0.154176137829405,0.159856814989441
"hear_6",6,0.378965817592053,-2.5887354803465,6.68233061279048,16.834218617495,83.165781382505,18.0396903695094,81.9603096304906,-3.15852330477708,15.3778178789727,14.3502212472669,0.0690468224579053,0.0739911561350771,0.115286013901095,0.123541462895661
"heca_1",1,1.08384012032499,-2.17469248098667,38.9132262247038,12.1296721698388,87.8703278301612,19.8564622424766,80.1435377575234,-2.71349698532934,17.9286995603574,10.952064141288,0.0642816528697642,0.10523006683283,0.099125919021269,0.162270673167153
"heca_2",2,1.50341094292909,-2.50527474917398,9.29091452865698,11.952119989898,88.047880010102,13.176320682534,86.823679317466,-2.88547406521852,20.960923679577,19.0134621760904,0.0585972565879529,0.0645991041398659,0.209073212726742,0.230487620551298
"heca_3",3,3.22599215063309,-2.23657852997439,50.3231752149293,9.98719593457854,90.0128040654215,20.1043363334686,79.8956636665314,-2.7993741178613,22.3944593119548,11.1248563139638,0.0436019731554117,0.0877712562025811,0.0885544909896075,0.178261173842618
"heca_4",4,1.93626065392041,-2.37255386219683,20.5156506753436,8.35249943422212,91.6475005657779,10.5083573120867,89.4916426879133,-2.65114572817789,28.4053160479835,22.5777806343521,0.0578043531807547,0.0727241949791285,0.124027185585004,0.156039757057595
"heca_5",5,2.02311668005577,-2.31714500023844,-17.7005104044892,21.1170050368431,78.8829949631568,17.9413028577975,82.0586971422025,-2.8237652813607,10.9728865253178,12.9151434464046,0.0661998432042433,0.0562443127703874,0.300744261318732,0.255516531139241
"heca_6",6,3.73208602682006,-2.28580414078972,15.499212714625,7.54414113460235,92.4558588653976,8.92789449301149,91.0721055069885,-2.50988392995297,30.2990638696502,25.6029475099531,0.0678731749149981,0.0803225355590802,0.162776478200362,0.192633090684274
"laca_1",1,0.350940552230959,-1.13626133786645,-75.3951627486464,24.4966002672461,75.5033997327539,13.966519876236,86.033480123764,-1.32071995254856,4.6384450310263,8.13560821117507,0.205010375365098,0.11688485141343,0.889643377875871,0.507222299597164
"laca_3",3,0.536897140648116,-1.06528225965216,16.3928930156365,15.9986970648181,84.0013029351819,19.1355706971302,80.8644293028698,-1.31736817885927,6.65855635203423,5.56702633285939,0.13742956511946,0.164375458111668,0.518366684059841,0.620003134610061
"laca_4",4,0.370212957563751,-1.14654471352606,-35.5147508084508,28.0790079256925,71.9209920743075,20.7202594242911,79.2797405757089,-1.44620139420254,4.08328070763839,5.53344767576571,0.194941228624147,0.143852405336815,0.464125818382113,0.342490994975264
"laca_5",5,0.483333465603581,-1.02656784433443,22.0291159240509,19.6767685369993,80.3232314630007,25.2360464681057,74.7639535318943,-1.37307859715645,5.21715668100745,4.06786318780895,0.134038195858355,0.171908010851579,0.430057407970223,0.551561538729402
"laca_6",6,0.534289937403479,-0.69687298050697,45.376955693569,31.2868179443624,68.7131820556376,57.2776899230402,42.7223100769598,-1.63116877165965,2.22736930852548,1.21665692426372,0.158431176520934,0.290044574652682,NA,NA
"magr_1",1,1.96281245560963,-1.49321872755085,62.7003647702017,13.3968054446284,86.6031945553716,35.9167197268616,64.0832802731384,-2.33012218036654,11.1460805616878,4.157447391929,0.0619924165051429,0.166201133397727,0.0344003207861761,0.0922269630097992
"magr_2",2,2.27052753636415,-1.61375667160014,62.2733972584966,9.36321094878798,90.636789051212,24.8185902476912,75.1814097523088,-2.14648365455874,17.2350775863811,6.50220925320389,0.0490927664353192,0.130127715903006,0.0940574204577159,0.249313252778635
"magr_3",3,1.8575045665798,-2.09512612883358,29.0845727737357,13.2316124596242,86.7683875403758,18.6582990149761,81.3417009850239,-2.57570975706461,15.8342464701622,11.2289235323752,0.0450044324269681,0.063462118451851,0.190357837546686,0.268429374245079
"magr_4",4,1.62489590547777,-1.55284121478936,63.6059802586556,11.0691543514109,88.9308456485891,30.4147616286423,69.5852383713577,-2.23156699773343,14.0285442364567,5.10555115883929,0.0468711430303123,0.128788035406448,0.116571389010491,0.320303692307073
"magr_5",5,2.5833531683099,-1.66512497963125,56.6752796506489,16.7999729303057,83.2000270696943,38.7768756378304,61.2231243621696,-2.71976478982205,9.91147418236319,4.29411847200699,0.0551703632211769,0.127341533370113,0.958057160113028,2.21134066737808
"magr_6",6,3.13092182361922,-1.199859532025,62.937930159472,13.439964194404,86.560035805596,36.2633934160557,63.7366065839443,-1.88252810485718,8.92755006389518,3.30873483972893,0.0673405582577012,0.18169670109483,0.051236990674277,0.138246436032152
"mala_1",1,0.818674006527727,-2.47969747159353,-102.024582408842,12.8899287970546,87.1100712029454,6.38037640932675,93.6196235906732,-2.64869412681613,19.2374799786337,38.8644385928194,0.0712583267110763,0.0352721069195773,0.437823952483663,0.216718157396127
"mala_2",2,0.415800308368863,-2.90453263649112,-58.9902664434211,13.0498414043141,86.9501585956859,8.20794989293134,91.7920501070687,-3.16425293160268,22.2572255593154,35.3868222196689,0.084037366525455,0.0528569253988645,0.220112683352794,0.138444125088075
"mala_3",3,0.538622530875498,-2.44362390231854,-37.5242783567644,10.0114366290908,89.9885633709092,7.27975943499893,92.7202405650011,-2.63548054602538,24.4083241282073,33.5673716162971,0.0384228808937574,0.0279389801952504,0.253558114607368,0.184373346755247
"mala_4",4,0.517724761433718,-2.55595112274874,-19.3018331830794,10.0314724026577,89.9685275973423,8.4084813577538,91.5915186422462,-2.79059803859373,25.4793216803504,30.3972978472717,0.0582343807593956,0.0488126453765632,0.257424603028395,0.215775898961548
"mala_5",5,0.472073707627957,-2.49924363302366,-13.2924020103645,6.35691868912361,93.6430813108764,5.61107238995784,94.3889276100422,-2.64781441669623,39.3153311414814,44.5412830085131,0.0525831422612611,0.0464136529265665,0.226792425943845,0.200183262001186
"mala_6",6,0.565950256295578,-2.47960030912728,-17.0906623085777,14.1259229034376,85.8740770965624,12.064090017879,87.935909982121,-2.81978125845452,17.5535455352363,20.5535627258459,0.0613300111039568,0.0523782254662881,0.17532837723462,0.149737283723414
"moma_1",1,0.0412364439853622,-0.606797392990305,59.0464369585962,12.8915736394184,87.1084263605816,31.4785153770018,68.5214846229982,-0.885557860178999,4.70693035592573,1.92765569062902,0.0743579096977546,0.181566399051968,0.124972620945901,0.305156893966843
"moma_3",3,0.0161438260996431,-0.975745251107327,13.5417362371356,13.5516044777075,86.4483955222925,15.6741575506033,84.3258424493967,-1.15711295940253,7.20021937411497,6.22518465797718,0.0659921399051393,0.0763283196226805,0.380874376256252,0.440529753524666
"moma_4",4,0.0282622488298581,-0.853564341661997,24.1714850261271,13.5608412614226,86.4391587385774,17.8835643373671,82.1164356626329,-1.03945615122505,6.29433178375289,4.7728983191483,0.101300140747766,0.133591091402317,0.403057512337905,0.531538185175828
"moma_5",5,0.0127904875116701,-0.697885873306428,29.4959299167518,14.7954548802665,85.2045451197335,20.9852493094324,79.0147506905677,-0.883234924121247,4.71689366061489,3.32560201223221,0.0746408262986868,0.105867400577802,0.431923184292897,0.612621631322703
"moma_6",6,0.0341601977889238,-1.03619006995423,19.2726381306519,18.0565774726959,81.9434225273042,22.3673573055927,77.6326426944073,-1.33473502123725,5.73857405436386,4.63259944300683,0.139338843554204,0.172604232725596,0.409743397337272,0.50756445875243
"movi_1",1,0.0121354319769537,-0.983395961445596,24.8703748952425,12.3919906073408,87.6080093926592,16.4941467364731,83.5058532635269,-1.17763716316053,7.93573843465511,5.96209053525054,0.105568737717347,0.140515459208197,0.293107232960309,0.390135359455891
"movi_2",2,0.0158849632039399,-0.551854208633759,77.4989666998597,9.8641649901194,90.1358350098806,43.838720020284,56.161279979716,-0.982623987261463,5.59453546434526,1.25882828782049,0.0969170705976885,0.430722755283794,0.0951917239767178,0.423054900221511
"movi_3",3,0.0145417563521268,-1.04146502736862,-80.8988790790173,24.1767471740579,75.8232528259421,13.3647855073206,86.6352144926794,-1.20212667962705,4.30771360543542,7.79260562616701,0.19425346919325,0.107382350947791,1.05683947407253,0.584215601253612
"movi_4",4,0.0332729831280751,-0.805988897514512,22.8123957591158,19.7696432978173,80.2303567021827,25.6124587519531,74.3875412480469,-1.08349984956073,4.07690156758417,3.14686264727727,0.0976646261554898,0.126528899446991,0.249721965423899,0.323525996019485
"movi_6",6,0.0168715925969899,-0.705370163749113,51.7437853848615,19.2187882306264,80.7812117693736,39.8265557791955,60.1734442208045,-1.17222833574355,3.67021143729061,1.77110510800832,0.0699749416556559,0.145007108853714,0.108495375266285,0.224831922958684
"plra_cs_1",1,2.61035547383242,-1.0201843579419,18.3275619096785,8.63970120320553,91.3602987967945,10.578478376819,89.4215216231811,-1.1408711677273,11.8080976870287,9.64396127308324,0.105534675608348,0.129217001568677,0.344217494901955,0.421461025225284
"plra_cs_2",2,3.00135529987515,-0.970798878338981,38.4704518030586,10.7068375252462,89.2931624747538,17.4011313897124,82.5988686102876,-1.1753174040668,9.06709265037306,5.57894114237263,0.110005125744952,0.178784224764421,0.237329604936203,0.385716475889872
"plra_cs_3",3,3.40527313807933,-0.748090598992071,52.0756596416668,6.76240122327831,93.2375987767217,14.1105775743921,85.8894224256079,-0.870992699525976,11.0624994627191,5.30162989465228,0.0894943754312355,0.186740964533013,0.260611782462491,0.543798371587132
"plra_cs_4",4,3.80273452461077,-1.09160877549534,16.3910489234225,9.75047622537683,90.2495237746232,11.6620004196038,88.3379995803962,-1.23571824207075,11.1954406150367,9.36039046663338,0.133065984361752,0.159152797216504,0.33268701696983,0.397908373070154
"plra_cs_6",6,4.748352599987,-1.25368358217412,24.3438228619262,6.58483345998212,93.4151665400179,8.70362964277809,91.2963703572219,-1.37320199835847,19.0389565627303,14.4041467023402,0.107290651611722,0.141813472039322,0.219606506800196,0.290269103075893
"plra_gj_1",1,3.62575414318888,-1.75926186360765,17.4374560852046,6.94091682724389,93.0590831727561,8.40685921016063,91.5931407898394,-1.92073538306135,25.3462461429064,20.9265056024892,0.0421796194047094,0.0510880811136813,0.203289474819716,0.246224819610102
"plra_gj_2",2,1.17529593668772,-1.75075051187959,-9.15493246086953,14.3500642904382,85.6499357095618,13.1465101639658,86.8534898360342,-2.01575148584672,12.2002973397558,13.3172263212357,0.0716093304683446,0.0656033848896527,0.224893387579711,0.206031356082174
"plra_gj_3",3,3.95444997943824,-1.83925747383489,-57.3199523489614,16.5326285438905,83.4673714561095,10.5089203861558,89.4910796138442,-2.05524112768705,11.1250154139256,17.5018689480024,0.0496433278353106,0.0315556463716653,0.364479313871871,0.231680284941478
"plra_gj_4",4,1.94103967287155,-1.58944060774128,4.19309305380449,13.687083504009,86.312916495991,14.2861135384483,85.7138864615517,-1.85435601319309,11.6127048342748,11.12577331451,0.0741479128695789,0.0773930765881209,0.144596578849219,0.150925004739401
"plra_gj_5",5,1.84565031157968,-1.12708345129278,-22.8131419913526,15.3910887357899,84.6089112642101,12.532118701819,87.467881298181,-1.28856836882846,7.32296116695048,8.99355869593851,0.0907350424659791,0.0738805644043925,0.237731564215023,0.193571763054285
"plra_gj_6",6,1.70942784247112,-1.29485440203818,-9.93828734214358,16.7849594027564,83.2150405972436,15.26761950595,84.73238049405,-1.52816950791216,7.71437315377445,8.48104972444172,0.113580288790287,0.103312768950829,0.175015721212611,0.159194513070717
"pril_1",1,0.355313297619042,-1.56207971646915,-34.5711709955327,14.8571445312792,85.1428554687208,11.0403620785706,88.9596379214294,-1.75594207999003,10.5139969068784,14.1488087560203,0.101699665628191,0.0755731445864936,0.338618224151736,0.251627612100498
"pril_3",3,0.264264322130139,-2.11792511079732,-31.2985698492708,12.2417061611604,87.7582938388396,9.3235639772876,90.6764360227124,-2.33569514164278,17.3008981175918,22.7158317994774,0.052499707221764,0.0399849802492389,0.27968885781712,0.213017444240405
"pril_4",4,0.221606978021548,-1.84932004236472,-68.4452487836101,13.7020388102784,86.2979611897216,8.13441691542187,91.8655830845781,-2.01307168612004,13.4966778883846,22.7345126466119,0.0764800221760897,0.04540349029039,0.342790993941987,0.203502916477239
"pril_5",5,0.287583271415548,-1.08285034022232,0.268840434572752,9.59947568766701,90.400524312333,9.62535252723039,90.3746474727696,-1.19817932407271,11.2803071277479,11.2499811010445,0.0802290202240938,0.0804452896904911,0.224342658597009,0.224947408186738
"pril_6",6,0.308976084437468,-2.04982775519649,-5.4196797703747,16.2832562193309,83.7167437806691,15.4461256710313,84.5538743289687,-2.42428602055697,12.5885616954367,13.2708214270254,0.0562551187625554,0.0533630142731322,0.139700447090098,0.132518375501039
"quag_1",1,0.129727542003741,-2.87281920240299,47.3179562453155,19.2945471096387,80.7054528903613,36.6245227681073,63.3754772318927,-4.5330139162365,14.8892803032825,7.84397716413288,0.0391992375246088,0.0744072073345166,0.0898448463008918,0.170541687257345
"quag_2",2,0.10123612037301,-2.20385326212831,43.2378123479114,17.8128603763871,82.1871396236129,31.3815607065167,68.6184392934833,-3.21175078422048,12.3722592304701,7.0227650012023,0.0594368840837924,0.104712109491089,0.0914112136502254,0.161042442920823
"quag_3",3,0.161473389338656,-2.90029264327105,13.5940247641919,13.1456229328088,86.8543770671912,15.2137892048941,84.7862107951059,-3.42071265607079,22.0628011171118,19.0635784695772,0.0545007050203977,0.0630751575590247,0.104265436940272,0.120669243829173
"quag_4",4,0.15312642099436,-1.45082247488822,74.0426670744713,6.06835382705562,93.9316461729444,23.3781869827137,76.6218130172863,-1.89348491996777,23.9080072823005,6.20588104612639,0.0489807963335026,0.188697338336061,0.0262077530833656,0.100964737627534
"quag_5",5,0.116163175847555,-2.6707061281355,12.8064289373589,11.3822582862756,88.6177417137244,13.0540109179591,86.9459890820409,-3.07168410680274,23.4637631739191,20.458893017021,0.0441429557898973,0.0506263882209669,0.131933523958681,0.151311068408815
"quag_6",6,0.184597304747396,-2.70318769822054,32.7639109205597,62.698512336789,37.301487663211,93.2512779895776,6.7487220104224,-40.054808807444,4.31140643927913,2.89882107409044,0.0520266837364496,0.0773791046575886,NA,NA
"quag_gj_1",1,0.197297272597008,-2.07935793407785,-18.890120721324,21.6843322792504,78.3156677207496,18.2389690141521,81.7610309858479,-2.54321393579023,9.58921818435505,11.4006330756109,0.0758829554263804,0.0638261236223727,0.263926389192972,0.221991859030583
"quag_gj_2",2,0.0868025942728213,-2.07323829795438,-20.5982566495622,44.5190369540481,55.4809630459519,36.9151579723186,63.0848420276814,-3.28642861155879,4.65697023072253,5.61622491094047,0.130571036716296,0.108269423077742,0.235459764794404,0.195243091679683
"quag_gj_3",3,0.211204816598517,-2.2055312898654,47.4438646385772,15.6520113469257,84.3479886530743,29.781511215177,70.218488784823,-3.14095522138622,14.0910407038428,7.4057064261448,0.0504976407666923,0.0960832458844731,0.0588582800188781,0.111991263463563
"quag_gj_4",4,0.190491100236772,-2.60758262048488,-87.8291864749977,25.6320736623637,74.3679263376363,13.6464806899303,86.3535193100697,-3.01965992969183,10.1731239338379,19.1080959240209,0.0928629101750953,0.0494400853870793,0.370090650278304,0.197035752123415
"quag_gj_5",5,0.139958635278188,-2.45430512293366,13.7021906953622,27.3433882755326,72.6566117244675,31.6849158696582,68.3150841303418,-3.5926254855384,8.97586318931009,7.745973298556,0.0773265324513173,0.0896042820488627,0.0886580393358353,0.102734982556586
"qube_1",1,0.0312454627637197,-1.08272059529978,23.1813248889513,24.321539856207,75.678460143793,31.660972831213,68.339027168787,-1.58433714987723,4.45169426648564,3.41973255550878,0.111273682097345,0.14485238379403,0.0784124131556371,0.102074675256094
"qube_2",2,0.0530614377750184,-0.951178204014539,12.5523630344012,69.2443882615376,30.7556117384624,79.1838300773957,20.8161699226043,-4.56941986710846,1.37365384819622,1.2012278303346,0.148264880959979,0.169547041069052,NA,NA
"qube_4",4,0.0799178679943214,-2.62585516095809,-16.7512809553155,40.0596754794181,59.9403245205819,34.3119794075323,65.6880205924677,-3.99746428233703,6.55485879386917,7.6528816066544,0.10845868314672,0.0928972104282359,0.0833379783683305,0.0713807828799982
"qube_5",5,0.0610641290690109,-1.21066728480061,-13.9053621166685,48.6971681857998,51.3028318142002,42.752305318095,57.247694681905,-2.11478783823112,2.48611434689881,2.83181754946954,0.214361682655065,0.188192793272983,0.154096975239987,0.135285093147899
"qube_6",6,0.0512453162545302,-1.13620072869364,3.15976995921564,37.8131960407999,62.1868039592001,39.0469911367154,60.9530088632846,-1.86406011759337,3.00477306247188,2.90982914590129,0.21097398477803,0.217857789773091,0.0910788790146924,0.094050663630533
"quen_1",1,0.153401071975082,-1.7067771258029,-14.1155950472778,27.5421108582893,72.4578891417107,24.135273401395,75.864726598605,-2.24976376021671,6.19697282675492,7.07171241616949,0.115538036511501,0.101246491738166,0.198102291823971,0.173597913363111
"quen_2",2,0.0873855099180187,-1.629705919506,-34.4105252911006,33.5681395413653,66.4318604586347,24.9743384818003,75.0256615181997,-2.1721980006943,4.85491880626197,6.52552186995314,0.17429082695068,0.129670519904009,0.273383864767225,0.203394685181939
"quen_3",3,0.104197219205238,-1.84954938078906,-25.4919123345034,29.4857348550015,70.5142651449985,23.4961236198283,76.5038763801717,-2.41758910567887,6.27269216753243,7.87172135589306,0.109188700610557,0.08700855583387,0.235886618843266,0.187969578640655
"quen_4",4,0.113174292856247,-1.59771669361705,-3.73536385371347,18.5702691624925,81.4297308375075,17.9015800134273,82.0984199865727,-1.94609919883763,8.60362701066311,8.92500378412774,0.0960706616318889,0.0926112928734378,0.212006341145883,0.20437229240826
"quen_5",5,0.151963446127576,-2.42388466880259,-59.1243425629667,29.8010685576495,70.1989314423505,18.7281644515559,81.2718355484441,-2.98244115251682,8.13354952059399,12.9424572016785,0.09834941406219,0.0618066428291902,0.285563362532502,0.179459256788133
"quen_6",6,0.0663349188981731,-1.76337938643364,-67.2652878875917,45.2867134207316,54.7132865792684,27.0747828151684,72.9252171848316,-2.41806532020918,3.89381178989772,6.5129955001734,0.188537842273345,0.112717853569265,0.342684795522138,0.20487502209809
"rain_mb_1",1,1.17612953089398,-2.28466455842411,46.6759454582613,15.3152751168073,84.6847248831927,28.7211376712164,71.2788623287836,-3.20524834962401,14.9175548006766,7.95464505820652,0.044396085055958,0.0832571443366288,0.108499335760766,0.203471654009055
"rain_mb_2",2,0.799260124702111,-1.92323274520032,58.6752514204576,9.68637852039515,90.3136214796048,23.4396550574305,76.5603449425695,-2.51204817146919,19.8550236411974,8.2050386001335,0.0398885878623604,0.0965246958141374,0.0986407892407248,0.238696647000428
"rain_mb_3",3,1.2259190175617,-1.34212367245593,76.079928999222,8.89397723233778,91.1060227676622,37.1820686989119,62.8179313010881,-2.13652956195436,15.0902530712141,3.60959924883148,0.0410363603060982,0.171556181019544,0.0529007055595734,0.221156139368704
"rain_mb_4",4,1.21621210833004,-1.47930874552474,63.2248779232084,41.1315134643566,58.8684865356434,111.846028351634,-11.8460283516344,12.4878035204147,3.59653370597867,1.32262966090662,NA,NA,0.0572278694196667,0.155615715700867
"rain_mb_5",5,0.686694766989984,-1.9453280426887,51.41642986417,11.0214149159808,88.9785850840192,22.6854775908136,77.3145224091864,-2.51612243349711,17.6504383286397,8.57521308467605,0.0525305270931599,0.108124057055286,0.102207223257094,0.210374048204656
"rain_mb_6",6,1.83596734210155,-1.99069112743851,30.6858269221726,24.2464492797638,75.7535507202362,34.9805071648757,65.0194928351243,-3.06168356693658,8.21023773200454,5.69085839166272,0.0727261285068186,0.104922449879277,NA,NA
"rhin_1",1,0.235760949282059,-2.47846721500336,-12.2284540904059,32.1157971954254,67.8842028045746,28.6164479905911,71.3835520094089,-3.47204243167485,7.71728380249079,8.66098830930471,0.092875828489737,0.0827560436811512,0.232074611864593,0.206787675857715
"rhin_2",2,0.203000790725456,-1.14241187937696,43.5657641311528,8.01397270280007,91.9860272971999,14.2005514550148,85.7994485449852,-1.33149093467423,14.255250444986,8.04484165981826,0.0604905206478931,0.107187631260699,0.103154552466115,0.18278718738364
"rhin_3",3,0.304891999948935,-3.13963450172269,-46.0938758687387,27.3199214558487,72.6800785441513,18.7002509813586,81.2997490186414,-3.86180097678137,11.4921066182295,16.7892639775393,0.082750320343632,0.056641881702133,0.211473692994704,0.144751921829158
"rhin_4",4,0.342175200945088,-0.633557503220516,44.2067339211789,20.0637900225099,79.9362099774901,35.9609526966303,64.0390473033697,-0.989329994587816,3.15771597743855,1.76179287730573,0.224379620006774,0.402162547160772,0.111668765020731,0.200147388509166
"rhin_5",5,0.223002710932077,-2.46430317889728,-24.0161972910144,23.8965086966231,76.1034913033769,19.2688610186522,80.7311389813478,-3.05248161984515,10.3123983933499,12.7890443369322,0.0724461457377257,0.0584166804983746,0.164745522769654,0.132841940301609
"roco_1",1,0.841887258826265,-1.84520097695837,-88.9053731259708,39.868380798599,60.131619201401,21.1049480164934,78.8950519835066,-2.33880443775374,4.62823154589518,8.74297807090718,0.12122244764706,0.0641709897612195,NA,NA
"roco_2",2,1.34497571631363,-1.69841658074772,-55.8645626012772,59.8905207041157,40.1094792958843,38.4247193233549,61.5752806766451,-2.75827663647486,2.83586878320629,4.42011447489066,0.102220873001618,0.0655831391662212,NA,NA
"roco_4",4,0.991769164015184,-1.37933215097548,17.7426124879072,111.369464160221,-11.3694641602212,135.391443283861,-35.3914432838612,3.89736055665312,1.23851915906779,1.01877350408591,NA,NA,0.103304677562513,0.125587112218129
"roco_5",5,0.94526810270039,-1.20261734751148,49.3105035228765,18.4936983124916,81.5063016875084,36.4842809611217,63.5157190388783,-1.89341688279613,6.50284938788673,3.29626161138549,0.098968612479512,0.1952448127477,1.05525617245562,2.08180440879278
"roco_6",6,0.913410360701371,-1.63349692883621,-31.0594678148977,21.42916272608,78.57083727392,16.350717032016,83.649282967984,-1.95279250565891,7.62277532592624,9.99036877488423,0.0957568454899143,0.0730636611657517,1.87940354141429,1.43400821989349
"ruac_1",1,1.59771027183085,-0.924685553219427,84.55740620564,5.51455414636382,94.4854458536362,35.7100252703525,64.2899747296476,-1.43830442787996,16.7680927356411,2.58942844822664,0.047553485904879,0.307937167409317,0.0434942191340922,0.281650995378622
"ruac_2",2,1.17744387116059,-1.17996879160727,61.0155184612052,9.52433263546562,90.4756673645344,24.431087087788,75.568912912212,-1.56144735465235,12.3889918251431,4.82978423091572,0.0641063997027169,0.164440816376953,0.140456325780755,0.360287786926143
"ruac_3",3,1.44900967587517,-1.48811789172021,53.3183861681527,8.48162583434224,91.5183741656578,18.16909300714,81.83090699286,-1.81852792105805,17.545196178011,8.19038072585912,0.0505576830038062,0.10830320302533,0.162618007894515,0.34835558273603
"ruac_4",4,1.70175083176239,-1.7488422972733,67.3432796222645,7.01543384912016,92.9845661508798,21.482358816114,78.517641183886,-2.22732403941882,24.9284981497279,8.14082993512559,0.0314898490388569,0.0964268569366993,0.0920621065150312,0.281908610081362
"ruac_5",5,0.761269984951963,-1.33877917687211,60.3703626738635,12.2470702393118,87.7529297606882,30.9038160973393,69.0961839026607,-1.93755877858337,10.9314240117181,4.33208369042611,0.0684565573780903,0.172740812172262,0.121791862056636,0.30732519970934
"ruac_6",6,0.809687271712153,-1.49718158508333,57.1411643417184,10.1192334221007,89.8807665778993,23.6106120632454,76.3893879367546,-1.95993399806122,14.7954051718329,6.34113838757274,0.0508458534841723,0.118635638843696,0.118967175714632,0.277579112655254
"saap_1",1,0.667736743393114,-0.835388659247514,6.18282788526277,11.4992647661883,88.5007352338117,12.2571001736493,87.7428998263507,-0.95208690492428,7.2647136685107,6.81554892602952,0.121198585815132,0.129185929487309,0.659858494238276,0.703345111949524
"saap_2",2,0.752221471583258,-0.902249257828237,15.4542807752594,11.0592784648259,88.9407215351741,13.080826050374,86.919173949626,-1.03803248101637,8.15830129151595,6.89749450343345,0.0860900589328378,0.101826632645932,0.504502809800705,0.596721885421105
"saap_3",3,0.405679807954708,-1.04242167672811,-20.3662798611891,12.1882261609092,87.8117738390908,10.1259473790875,89.8740526209125,-1.15986944655208,8.55269391104196,10.2945594886356,0.150225877568204,0.124807278036216,0.583644135838918,0.484890067643528
"saap_4",4,0.877615957093875,-0.730032094612079,16.9783289982084,10.347658381232,89.652341618768,12.4638040361879,87.536195963812,-0.833977403945995,7.05504634687372,5.85721736712541,0.102546080311936,0.123517244442988,0.648108221650531,0.780649454329273
"saap_5",5,0.397536821177902,-0.869102412775519,20.6758258364048,9.57164895671667,90.4283510432833,12.0664968247592,87.9335031752408,-0.988363230614734,9.07996539264687,7.20260756205738,0.0970955986382507,0.122403541747569,0.49844440864474,0.628363817084016
"saap_6",6,0.595286962337964,-0.992697162866241,18.5966993680895,9.29193773045245,90.7080622695476,11.4146940705374,88.5853059294626,-1.12061154211816,10.6834246167285,8.69666025853903,0.0831553590212908,0.102152318610891,0.414840536608097,0.509611444975583
"saca_1",1,0.616996742252487,-1.07433928207578,21.5094686447703,11.6867436274944,88.3132563725056,14.8893674507093,85.1106325492907,-1.2622856274198,9.19280268584204,7.21547967455525,0.130920918626979,0.166798359453655,0.336429264707841,0.428624012220329
"saca_2",2,0.587643208898341,-1.10313603237165,15.2821801562466,16.90197058133,83.09802941867,19.9509036144965,80.0490963855035,-1.37807430962009,6.52667111839715,5.52925347987797,0.130734443630039,0.154317525959893,0.299504426172842,0.353531791452168
"saca_3",3,0.637206751862286,-0.960069025783494,16.8547840575454,11.0131742330209,88.9868257669791,13.2457100606285,86.7542899393715,-1.106653084769,8.71745970298832,7.24815069474608,0.131098697063887,0.157674371974235,0.389619043655513,0.468600675624165
"saca_4",4,0.444653322792648,-0.844293995219156,23.1119927614055,7.56229475904171,92.4377052409583,9.83546723427859,90.1645327657214,-0.936392580675733,11.1645211158913,8.58417780374095,0.141656915683416,0.184237985572749,0.377040978570521,0.490376837834422
"saca_5",5,0.752184305195085,-1.01261532835187,3.3029657027855,21.752410188019,78.247589811981,22.4954264069353,77.5045735930647,-1.30652332037664,4.65518680274614,4.50142757925086,0.16414011891152,0.169746797411603,0.412587194466171,0.42668029838228
"saca_6",6,0.623232508795848,-0.861632347696678,23.0634688577698,14.5138261447177,85.4861738552823,18.8646744650944,81.1353255349056,-1.06196942209345,5.93663131351665,4.56743819932313,0.135577052413919,0.176219346519902,0.328342809467194,0.426771007988645
"sale_1",1,0.0807488133755193,-1.01241765937445,-58.1165423315907,58.5904736744338,41.4095263255662,37.0552459663342,62.9447540336658,-1.60842261585923,1.72795609231645,2.73218442617884,0.344503689129893,0.217879599471271,0.383491891476964,0.24253748900778
"sale_2",2,0.120117432737276,-0.763127130088747,-11.3226328568277,97.2769382105469,2.7230617894531,87.3828939490274,12.6171060509726,-6.04835314061516,0.784489257296553,0.873314095701497,0.293346388482639,0.263510106574565,NA,NA
"sale_3",3,0.101219025895779,-0.980667054462354,-12.9177099385225,19.7495731647347,80.2504268352653,17.490235300988,82.509764699012,-1.18854666237352,4.96551012157294,5.60694031604571,0.167279260752331,0.14814262602687,0.297931646017519,0.263848466444924
"sale_4",4,0.10421450881804,-0.884314561770411,-23.7963204677149,29.1952466405919,70.8047533594081,23.5832911109873,76.4167088890127,-1.15722670424708,3.02896760098233,3.74975043817534,0.354773712787316,0.286578560208369,0.28789128900911,0.232552379522612
"sale_5",5,0.0921200214860646,-1.39518337566252,-45.3949845873353,51.2729038274707,48.7270961725293,35.2645615479757,64.7354384520243,-2.15520804218619,2.72109295848974,3.95633268760322,0.237592327706983,0.163411639253806,0.736057519047326,0.506246842789267
"sale_6",6,0.0859807254912188,-0.936415399741909,-12.4178257060661,58.5994075885311,41.4005924114689,52.1264374404006,47.8735625595994,-1.95601778868271,1.59799465263738,1.79643084339415,0.282413702513435,0.251217901377892,0.405603368697939,0.360799869727469
"same_1",1,0.160549583150478,-1.07560106335407,-4.55089116418458,5.22805314951176,94.7719468504882,5.00048645334044,94.9995135466596,-1.13221744322489,20.5736443871945,21.5099285517621,0.0672188439622101,0.064292942139203,0.673875208232488,0.644542768338768
"same_2",2,0.172780780979504,-1.05064719931254,14.0150730888322,6.61272220966589,93.3872777903341,7.69055978438823,92.3094402156118,-1.13817958039664,15.888270609293,13.6615178708492,0.07775019085994,0.0904230469838797,0.527858720530907,0.613896806676646
"same_3",3,0.131041753186614,-1.13146767773264,5.63627672673393,7.84403714257491,92.1559628574251,8.31255578996127,91.6874442100387,-1.23404866116745,14.4245578796586,13.6115498809532,0.0892641709212465,0.0945958550859085,0.481279267563478,0.510025729029101
"same_5",5,0.161577984133906,-1.030965422543,14.6080603812477,5.97384598366523,94.0261540163348,6.99579610246182,93.0042038975382,-1.10851486205807,17.2579846444327,14.7369278269875,0.0672886188021241,0.0787997311017249,0.486959670386032,0.570264210603661
"same_6",6,0.160006323595511,-0.920647627037987,-9.59672683364062,6.55046266772344,93.4495373322766,5.97687801175535,94.0231219882447,-0.979171513952804,14.0546961907647,15.4034869914904,0.0764735036746565,0.0697771784651356,0.827388550548193,0.754939106716303
"umca_1",1,0.200961988138805,-2.60622526818894,-50.4874799150039,10.9340811387169,89.0659188612831,7.26577463114705,92.7342253688529,-2.81042436902083,23.8357959404605,35.8698886284819,0.050457390358698,0.0335292945215087,0.364980489026225,0.242532129073041
"umca_2",2,0.29873627717301,-1.75334828297503,1.58840929458401,13.1427469172055,86.8572530827945,13.3548770251533,86.6451229748467,-2.02359720059955,13.3408053432094,13.1288987511655,0.0658634116017311,0.0669264779988018,0.177789646648541,0.180659255047237
"umca_3",3,0.177750425763495,-2.57246114298176,-79.2845484961114,17.4608079767764,82.5391920232236,9.73915941069238,90.2608405893076,-2.85003011958045,14.732772655213,26.4135849358572,0.07471685522419,0.0416750109537802,0.433436585002435,0.24175902978713
"umca_4",4,0.459015372273079,-2.53482174427971,-25.4680368921325,19.4864624771721,80.5135375228279,15.5310172693026,84.4689827306974,-3.00089057821518,13.0081165180657,16.3210284318583,0.0682286481608962,0.0543793063563701,0.262761394960781,0.209424967082798
"umca_5",5,0.415723330337849,-2.51675328007391,-17.892400470209,15.0487373770319,84.9512626229681,12.7648069909601,87.2351930090399,-2.88502059004226,16.7240162215543,19.7163441786174,0.0693269285847201,0.0588052565799089,0.219702572667003,0.186358553893829
"umca_6",6,0.272185749238741,-2.69940135178279,-44.8172665120177,23.0848493307753,76.9151506692247,15.9406746769796,84.0593253230204,-3.21130504130222,11.6933895175314,16.9340470618918,0.0950332370661464,0.065622863457556,0.258470140485911,0.17848019556733
"vica_1",1,0.992176961279534,-1.38498130554477,1.54893145502523,10.0425342635402,89.9574657364598,10.2005335360606,89.7994664639394,-1.54230460389309,13.7911534001233,13.577537887098,0.0652334043161683,0.0662597219921164,0.414590838044214,0.421113599041151
"vica_2",2,1.25396756514995,-0.622926892342419,32.4805510304192,18.444539943972,81.555460056028,27.3173733279158,72.6826266720842,-0.857050605989824,3.37729698997455,2.28033231769706,0.226238556769901,0.335071687080603,0.256483159075363,0.379865598712032
"vica_3",3,1.23432468911406,-0.560733896179423,61.6044632348856,13.4827207129028,86.5172792870972,35.1153333143476,64.8846666856524,-0.864200935016,4.15890759824765,1.59683489591231,0.160095052270232,0.41696266222196,0.185013557133088,0.481862145240769
"vica_5",5,1.33904366006819,-0.420917015399927,59.9576553119684,13.1781020127216,86.8218979872784,32.9104154998706,67.0895845001294,-0.627395472093161,3.19406402373872,1.27897812594187,0.295730962864196,0.738545570116398,0.206594991581964,0.515941294625822
"vica_6",6,1.16287902716325,-0.974672829678016,11.1043301161033,20.7385117349281,79.2614882650719,23.3290460176675,76.6709539823325,-1.27124129680532,4.69982051815444,4.17793693295422,0.177121852527762,0.199246884307295,0.221799555715124,0.249505466357144
"vigi_5",5,1.11015732187603,-1.18827982581979,70.2798964436842,7.34438063650497,92.655619363495,24.7118272067535,75.2881727932465,-1.57830875917656,16.1794422788151,4.80854700009817,0.0510954356058881,0.171922131795634,0.101426013789451,0.341270728068836
"vigi_6",6,0.573753531532598,-1.22269111613938,48.283287551792,14.1576220198597,85.8423779801403,27.3753325562562,72.6246674437438,-1.68357551115328,8.63627461182565,4.46639730723546,0.082770558895591,0.160046056636879,0.15411693706064,0.298002192647071
"vigi_7",7,1.13877108175552,-1.30492423743812,50.8457555899209,7.29970875529128,92.7002912447087,14.8506173635627,85.1493826364373,-1.53251168362519,17.8763876913888,8.78700329751853,0.0565124598528792,0.114969644088947,0.199213770243466,0.40528294684277
"vigi_8",8,1.95975583591759,-1.0966559278018,68.0105672231243,4.76468952164002,95.23531047836,14.8945733263651,85.1054266736349,-1.28858519446392,23.0163145535731,7.36278847182951,0.041838225623937,0.130787644519226,0.122814729869144,0.383922812029113
